Headline,Body ID,Stance
Ferguson riots: Pregnant woman loses eye after cops fire BEAN BAG round through car window,2008,unrelated
Crazy Conservatives Are Sure a Gitmo Detainee Killed James Foley,1550,unrelated
A Russian Guy Says His Justin Bieber Ringtone Saved Him From A Bear Attack,2,unrelated
"Zombie Cat: Buried Kitty Believed Dead, Meows Back to Life",1793,unrelated
Argentina's President Adopts Boy to End Werewolf Curse,37,unrelated
Next-generation Apple iPhones' features leaked,2353,unrelated
Saudi national airline may introduce gender segregation on its flights,192,unrelated
'Zombie Cat' Claws Way Out Of Grave And Into Our Hearts,2482,unrelated
"ISIS might be harvesting organs, Iraq tells UN",250,unrelated
Woman has surgery to get third breast: The three most statistically unlikely pairs of boobs,85,unrelated
EXCLUSIVE: Apple To Unveil The Long-Awaited Retina MacBook Air At Its “Spring Forward” Event,1964,discuss
50 foot crab : Is this a Crabzilla spotted in the UK?,2279,unrelated
Found! Missing Afghan Soldiers Spotted Trying to Enter Canada,2312,discuss
Obama Orders Fed To Adopt Euro Currency,2289,unrelated
Report: Three missing Afghan soldiers caught at Canadian border,1754,discuss
3-Boobed Woman a Fake,1618,unrelated
"Fowler Falls For Fake Website, Makes Crazy Claims About Tennis Star",2173,unrelated
Hugh Hefner Dead? Fans Panic That Playboy Founder Is Gone,2320,unrelated
"Hong Kong's protesters are using the ""hands up, don't shoot"" gesture from Ferguson",2183,unrelated
TV show tricks chronic catcallers into harassing their own mothers,486,unrelated
"ISIS might be harvesting organs, Iraqi ambassador tells UN, amid reports of more hostages being burned alive",930,discuss
Texas Boy Suspended For 'Threatening' Classmate With The One Ring,2316,discuss
Woman stung by scorpion on Alaska Airlines flight,1452,discuss
"Disgusting! Joan Rivers Doc Gwen Korovin’s Sick Selfie EXPOSED — Last Photo Of Comic Icon, When She Was Under Anesthesia, At Center Of Medical Investigation",1636,discuss
Mystery of 50ft giant crab caught on camera in Kent harbour,2245,agree
"Everything You Need To Know About Path, The Struggling Social Network In Apple's Sights",1655,unrelated
Fate of Isis leader remains unclear after US airstrike in Iraq,1980,unrelated
IS executioner 'Jihadi John' injured in air strike: reports,351,discuss
Saudi Arabia's national airline planning to introduce gender segregation on flights,192,unrelated
Argentine President Takes On Godson — But Not To Keep Werewolf At Bay,914,agree
Report: Islamic State Attempting to Sell James Foley’s Body for $1 Million,1527,unrelated
Police officer in Charlie Hebdo investigation 'shot himself dead hours after the attack',1124,unrelated
Hugh Hefner Dead? Fans Panic That Playboy Founder Is Gone,1431,unrelated
Purported Lisa Bonet Twitter Account Suspended After Cryptic Cosby Tweet,785,unrelated
Fresh agony for James Foley's family as sick ISIS militants 'try to sell them his headless body for $1million',1275,agree
Hewlett Packard ‘planning to split into two’,579,unrelated
Sexually frustrated female owl killed male because 'his penis was too SMALL',656,unrelated
Joan Rivers' doctor snapped selfie during throat surgery: report,1639,unrelated
Scorpion stings woman on OSU plane,279,unrelated
Florida woman claims to have surgically added third breast,328,unrelated
Raven-Symone Did NOT Accuse Bill Cosby Of Molestation Or Rape — It’s A HOAX,1394,unrelated
APPLE WATCH MAY GO ON SALE IN MARCH ACCORDING TO ANALYST,2315,unrelated
Crazy Conservatives Are Sure a Gitmo Detainee Killed James Foley,990,unrelated
Saudi Arabian airline to separate genders after men complain about blokes sitting next to their wives,1290,unrelated
U.S. airstrikes 'hit ISIS leader': Terror group chief 'critically wounded' in Iraq after coalition forces bomb jihadi leaders,927,unrelated
Report: Apple Rethinking Beats Music Brand,528,unrelated
‘I will have justice for what they did to me’: Pregnant St. Louis woman loses eye after police fire non-lethal round at car during Ferguson protest (VIDEO),1396,unrelated
Tesla chooses Nevada for battery factory: Sources,1118,unrelated
Islamic State releases video showing beheading of US hostage Steven Sotloff,926,discuss
China Penis Amputation: Cruel Aunt Viciously Mutilates Toddler's Genitals as Punishment,1160,agree
Isis air strikes: Abu Bakr al-Baghdadi 'critically wounded' in air strikes near Mosul,2027,discuss
Breast Chancer,1607,unrelated
Email to Tim Cook prompted change of Apple's 'on hold' music quality,172,unrelated
Joan Rivers’ doctor snapped a selfie before biopsy surgery,2482,unrelated
"Saudi airline, Saudia, to ban gender-mixing",1765,unrelated
Joan Rivers' Doctor Took a Selfie While She Was Under Anesthesia (Report),2357,discuss
"Oil spikes on U.S. inventory data, Saudi explosion rumor",1937,unrelated
"Report: Tesla will build its Gigafactory in Nevada, not Texas",1766,discuss
"Three-breasted Florida woman Jasmine Tridevil insists third boob is real, but police report shows she once lost 'prosthesis'",290,unrelated
U.S. Officials Threatened James Foley’s Parents With Prosecution Over Ransom,967,unrelated
"Wife chops off cheating husband’s penis, twice",1763,unrelated
President Sisi's Gift,3,unrelated
Is this a Crabzilla spotted in the UK? Monster crab measures about 50 feet,893,agree
'Throat specialist to the stars' allegedly involved in fatal Joan Rivers procedure denies taking selfie with star as she releases statement saying she will not comment on tragic incident,1765,unrelated
"Everything You Need To Know About Path, The Struggling Social Network In Apple's Sights",1512,unrelated
"New Twist: Charlie Hebdo Police Investigator Turns Up Dead, ‘Suicided’",1394,unrelated
Steven Sotloff beheading: Latest updates as ISIS release gruesome video of US journalist's murder,2289,discuss
Mystery of 50ft giant crab caught on camera yards from British harbour,2323,unrelated
Saudi Arabia airline segregation: Saudi airlines to assign seats based on gender,811,unrelated
Apple Watch may be available outside US shortly after launch,2294,unrelated
ISIS online video shows beheading of U.S. journalist Steven Sotloff,2289,discuss
These Men Weren't Really Tricked Into Sexually Harassing Their Moms,1763,unrelated
Argentina's President Adopts Jewish Boy to Keep Him from Turning into a Werewolf,2383,agree
Female Kurdish ‘poster girl’ fighter feared killed,100,unrelated
"Justin Bieber ringtone scares bear, saves Russian fisherman",2493,agree
ISIS Reportedly Beheaded The 'Poster Child' For Kurdish Female Fighters,960,unrelated
Woman Faces Jail Time After Slicing Off 3-Year-Old Nephew's Penis,1257,agree
IS Beheads Its Own Fighters in Accordance With Their Interpretation of Sharia Law,1609,unrelated
"Joan Rivers Death Preventable? Melissa Rivers Taking Legal Action, News Of Doctor’s Selfie Surfaces",2119,agree
ISIS video shows beheading of American journalist Steven Sotloff,2465,unrelated
President of Argentina Adopts Boy to Stop Him from Becoming a Werewolf,145,unrelated
Explosive New Details Of Joan Rivers’ Medical Crisis: Doctor Snapped Selfie With Legendary Comic & Performed Unauthorized Biopsy While She Was Under Anesthesia!,2323,discuss
Foley family says was 'threatened' by U.S. official over ransom: ABC,2512,discuss
Joan Rivers' Doctor Reportedly Took a Selfie Before Her Cardiac Arrest,223,unrelated
Kid Suspended For Allegedly Threatening Classmate With ‘Hobbit’ Magic,393,unrelated
Flight Delayed Due To Rampaging Scorpion,1696,unrelated
"NHL expansion ahead? No, says Gary Bettman",901,unrelated
"Rumor Check: Are Hong Kong Protesters Really Using the ‘Hands Up, Don’t Shoot’ Gesture in Solidarity With Ferguson?",758,unrelated
The World's Most Accurate Apple Analyst Says The Apple Watch Is Coming In March,764,unrelated
URGENT: ISIS beheads Kurdish female fighter “Rehana”,1080,discuss
Justin Bieber Helps Defend Russian Fisherman From Bear,2373,agree
Joan Rivers Personal Doctor Allegedly Took A Selfie Before Her Biopsy And Cardiac Arrest,2291,unrelated
Florida Woman Has Surgery To Add Third Breast To Her Chest,3,unrelated
Florida woman gets third breast surgically implanted,1128,discuss
ISIS Releases Video Allegedly Showing Beheading of U.S. Journalist Steven Sotloff,1354,unrelated
Justin Bieber ringtone saves man being mauled by bear,1309,unrelated
"Source: Joan Rivers' doctor took selfie, began biopsy before her cardiac arrest",2517,unrelated
"Fake or freak? Woman, 21, claims to have paid $20,000 to surgically add third breast in desperate bid to become a reality TV star",1275,unrelated
HP reportedly plans to split PC and printer business from enterprise unit,1111,unrelated
HP to split into two businesses -- report,1414,unrelated
Man saved from bear attack - thanks to his Justin Bieber ringtone,766,agree
This Woman Claims To Have Had Plastic Surgery To Have A Third Breast,1128,discuss
"Gwen Korovin, Joan Rivers’s doctor, denies taking selfie",2512,unrelated
People Actually Believed Argentina’s President Adopted A Jewish Boy To Stop His Change Into A Werewolf,2382,discuss
"Apple Watch to go on sale in March, claims analyst",1626,unrelated
"Passenger headed to Dallas rages over ‘Merry Christmas,’ removed from plane",1324,unrelated
British Jihadi Killed In US Airstrike - Reports,2099,unrelated
"Report: Joan Rivers doctor took selfie, began biopsy, source says",2467,unrelated
"KGI: iPhone sales forecast at 73M for Q4 ahead of Apple Watch debut in March, 12"" MacBook Air in Q1",2464,unrelated
U.S. Officials Threatened James Foley’s Parents With Prosecution Over Ransom,262,unrelated
"Report: Woman claims she had third breast added, hopes to become a TV star",274,unrelated
Is Kim Jong ill? North Korean dictator in poor health as his weight has ballooned thanks to an obsession with cheese,2259,discuss
ISIL Has Reportedly Beheaded Journalist Steven Sotloff,2229,unrelated
South Korean woman's hair 'eaten' by robot vacuum cleaner as she slept,452,unrelated
iPhone 6s Rumored to Include 2GB of Faster RAM and 'Force Touch' Technology,914,unrelated
"Source: Joan Rivers' doc did biopsy, selfie",1793,unrelated
This Woman Claims To Have Had Plastic Surgery To Have A Third Breast,2383,unrelated
Watch Two Guys Appear to Get Tricked Into Catcalling Their Own Moms,2030,agree
"Report: Toronto, Seattle, Quebec City to join Vegas in 2017 NHL expansion",196,unrelated
Argentina's president 'adopts' godson 'to prevent him becoming a werewolf',1633,unrelated
These Men Weren't Really Tricked Into Sexually Harassing Their Moms,492,unrelated
Joan Rivers' Doctor Took a Selfie While She Was Under Anesthesia (Report),1326,unrelated
"Fowler Falls For Fake Website, Makes Crazy Claims About Tennis Star",2527,unrelated
Hong Kong riot cops forced to withdraw after democracy protesters copy 'Don't shoot' gesture used by US demonstrators after a police officer shot an unarmed black teenager,1044,discuss
Saudi Arabia outlaws ‘tempting eyes’,575,unrelated
"Boy, 5, given £15.95 invoice for missing friend's birthday party",1639,unrelated
American Airlines boots man from plane after ‘Merry Christmas’ prompts meltdown,354,unrelated
"Woman Gets Third Boob Implanted, Wants to Be ""Unattractive to Men""",290,unrelated
Saudi Airlines to Separate Men and Women on Flights,1633,unrelated
‘Three-boobed’ woman: They’re not fake,1617,unrelated
"ISIS Might Be Harvesting Organs To Finance Operations, Iraqi Envoy Tells UN",2198,unrelated
Saudi Arabia's national airline to introduce gender segregation after a string of complaints from male passengers,2140,discuss
"Joan Rivers' Doctor ""Took a Selfie"" During Procedure: CNN",2291,unrelated
Indian bride marries wedding guest after husband has epileptic seizure during ceremony,1432,agree
Report: Second American Journalist Beheaded by Islamic State Terrorists,2059,unrelated
Saudi Arabia's national airline planning to introduce gender segregation on flights,2222,unrelated
"Joan Rivers' doctor denies 'unauthorized procedure,' selfie before cardiac arrest",2057,unrelated
This Campaign Shows A Pretty Genius Way To Stop Men Catcalling In The Street,786,agree
Crabzilla,778,unrelated
"Woman Cuts Off Husband's Penis Twice, Then Throws It Out the Window",1023,unrelated
Apple Watches to be kept in safes,967,discuss
Tesla Said to Select Nevada for Its First Battery Site,1736,unrelated
Stolen Member,1765,unrelated
Meet the 3-boobed woman,2392,discuss
White House denies threatening families of James Foley and Steven Sotloff over ISIS ransom but adds 'we made the law clear to them',1100,discuss
Lunch theft prompts ransom note from sandwich thief,422,unrelated
"Twitter messages attributed to Lisa Bonet was hoax, manager says",2216,unrelated
Is Jasmine Tridevil's Triple Breasted Tale An Internet Hoax?,1204,unrelated
China Penis Amputation: Cruel Aunt Viciously Mutilates Toddler's Genitals as Punishment,1324,unrelated
Apple Reportedly Planning to Shut Down Beats Music,1275,unrelated
Report: Second American Journalist Beheaded by Islamic State Terrorists,1676,unrelated
Video purportedly shows beheading of U.S. hostage Steven J. Sotloff,1387,unrelated
Government threatened Foleys with criminal charges over ransom,746,unrelated
Report: Apple May Buy Social Network Path,1655,unrelated
Argentina's president 'adopts' godson 'to prevent him becoming a werewolf',3,unrelated
Is 'hands up' in Hong Kong really the same as in Ferguson?,1947,unrelated
Jasmine Tridevil Has Surgery 'To Add Third Breast' Total Recall Style,2026,discuss
Jilted wife 'chopped off husband's penis TWICE with scissors after catching him cheating',1779,unrelated
Meet the 3-boobed woman,1241,unrelated
Lenovo tipped to make a bid for BlackBerry this week,838,unrelated
Florida woman gets third breast to become 'unattractive' 32,1399,unrelated
Saudi national airline may introduce gender segregation on its flights,2279,unrelated
Joan Rivers’s Personal Doctor Denies Taking Operating-Room Selfie,338,unrelated
Wife chopped her husband's penis off after she discovered he had cheated on her… then cut it off AGAIN after surgeons managed to reattach it in China,1526,agree
Rumor: ‘new’ 4-inch iPhone on the way,177,unrelated
Angry Aunt Who Sliced Off Three-Year-Old Nephew’s Penis Facing Five Years In Jail,1581,agree
"'Sílbale your mother', the mockumentary to stop street harassment in Peru [Google Translate]",823,unrelated
Son of North Korean aide linked to Kim Jong-un's executed uncle is 'on the run' in France amid fears he will be killed by regime,2136,unrelated
ISIS ‘organ harvesting’ must be probed by Security Council – Iraqi envoy,1759,unrelated
Steven Sotloff 'beheading': Islamic State fighters release video claiming to show death of second US journalist,1391,discuss
"Rehana, Poster Girl for Kurdish Peshmerga, Alive and 'Fighting Fiercely,' After ISIS' Claims of Beheading Her",535,unrelated
"Passenger headed to Dallas rages over ‘Merry Christmas,’ removed from plane",1246,unrelated
"ISIS leader Abu Bakr al-Baghdadi wounded in airstrike, Iraq officials say",2027,discuss
"Woman pays $20,000 for third breast to make herself LESS attractive to men",1960,discuss
Transgender Teen Leelah Alcorn Blames Christian Parents In Tumblr Suicide Note,21,unrelated
Hewlett-Packard will reportedly split into two companies,1387,agree
Apple installing safes in-store to protect gold Watch Edition,1,unrelated
Hewlett Packard ‘planning to split into two’,1126,unrelated
'The Cosby Show' Star Raven Symone Joins Long List of Women Accusing Bill Cosby of Rape,814,unrelated
Joan Rivers’ doctor took a selfie while she was out cold before doing ‘an unauthorised biopsy’,1310,unrelated
Saudi Arabia's national airline plans to keep men and women apart,319,discuss
Report: Woman who claimed to have third breast added is fake,2038,unrelated
Iraqi Official Accuses ISIS Of Harvesting Organs To Finance Operations,250,unrelated
"Brain Surgery Recovery: Teenage Girl Wakes Up During Procedure, Talks About Cats",898,unrelated
Scorpion stings woman on OSU plane,2050,unrelated
AUNT CUTS OFF 3-YEAR-OLD’S PENIS BECAUSE HE WALKED IN WHILE SHE WAS ON THE TOILET,1941,agree
"Condition of Abu Bakr al-Baghdadi, Islamic State leader, in doubt after airstrike",2027,discuss
"Steven Sotloff, American Journalist, Allegedly Beheaded By ISIS",1596,unrelated
Story of ‘gutsy bravehearts’ who ‘repelled’ Boko Haram attack is a hoax,1915,discuss
Source: Missing Afghan soldiers at Canadian border,2396,unrelated
CNN: Doctor Took Mid-Surgery Selfie with Unconscious Joan Rivers,301,agree
James Foley’s Family Claims Government Threatened Them Over Ransom Payments,1856,unrelated
Foley family says was 'threatened' by U.S. official over ransom: ABC,1373,unrelated
Stolen Member,2183,unrelated
Jasmine Tridevil Has Surgery 'To Add Third Breast' Total Recall Style,3,unrelated
Argentina’s President Adopted A Jewish Godson To Stop Him From Turning Into A Werewolf,202,unrelated
ISIS executioner 'Jihadi John' allegedly wounded by U.S.-led air strike: report,1779,unrelated
Israeli politicians praise Sisi plan to give Palestinians land for a state in Sinai,1316,unrelated
Sexually frustrated female owl killed male because 'his penis was too SMALL',2482,unrelated
The Story of the 3-Boobed Lady Is As Fake As Her Third Boob,1706,unrelated
Bear attack foiled by Justin Bieber’s music: A story too good to check,923,unrelated
"Source: Joan Rivers' doc did biopsy, selfie",2320,unrelated
The World's Most Accurate Apple Analyst Says The Apple Watch Is Coming In March,1798,discuss
Justin Bieber ringtone saves Russian fisherman from bear attack,2270,unrelated
'Dear Sandwich Thief': Man's hilarious response to passive-aggressive sign posted on his office's fridge door sparks incredible kitchen note war,422,unrelated
El-Sisi denies claims he'll give Sinai land to Palestinians,2100,unrelated
Steven Sotloff: Islamic State 'kills US hostage',259,unrelated
Adopting Potential Werewolves Is Routine Business for Argentine Presidents,1345,agree
Justin Bieber ringtone saves Russian man from bear attack,680,unrelated
"'Rehana is alive and well... ISIS fanatics have NOT beheaded her': Poster girl for Kurdish freedom fighters escaped Kobane hellhole, friends tell MailOnline",960,unrelated
Reports: Selfie-Taking Doc's Unauthorized Biopsy May Have Killed Joan Rivers,1653,unrelated
China Penis Amputation: Cruel Aunt Viciously Mutilates Toddler's Genitals as Punishment,113,unrelated
"“Hands up, don’t shoot” comes to Hong Kong’s pro-democracy movement",2390,unrelated
URGENT: ISIS beheads Kurdish female fighter “Rehana”,1499,unrelated
Argentina’s president adopts Jewish godson to counteract werewolf legend,1773,discuss
British teenager Ibrahim Kamara 'Killed In US Airstrikes In Syria',2300,unrelated
"Crabzilla: Photo Appears To Show Giant, 50-Foot Crab Lurking In British Waters",338,unrelated
Report: Woman who claimed to have third breast added is fake,1770,unrelated
Jasmine Tridevil: Woman with three breast denies surgery hoax claims,103,unrelated
Video purportedly shows beheading of U.S. hostage Steven J. Sotloff,1712,unrelated
Doc calls macabre 'selfie' claims completely crazy,2368,unrelated
"Sorry, Argentina's President Didn't Actually Adopt a Jewish Werewolf",2522,agree
Joan Rivers’ Doctor Snapped Selfie During Throat Procedure (Report),2057,unrelated
CNBC: Tesla chooses Nevada for new battery factory plant,1766,discuss
Journalist Steven Sotloff reportedly executed by ISIS,2059,unrelated
"Report: Woman claims she had third breast added, hopes to become a TV star",1770,unrelated
Saudi Women May Have to Cover Up Sexy Eyes,2301,unrelated
"Disgusting! Joan Rivers Doc Gwen Korovin’s Sick Selfie EXPOSED — Last Photo Of Comic Icon, When She Was Under Anesthesia, At Center Of Medical Investigation",215,discuss
British teenager Ibrahim Kamara 'Killed In US Airstrikes In Syria',711,unrelated
Teenager wakes up while undergoing BRAIN SURGERY in Poland... and asks the surgeons how the operation is going,453,agree
Pregnant Ferguson woman loses her EYE after police shoot her car with bean bag during violent protests,201,unrelated
When Street Harassers Realize The Women They're Catcalling Are Their Moms In Disguise,2029,unrelated
Is this Crabzilla? 'Giant crab' measuring 50ft spotted off British coast,2380,agree
Islamic State video reportedly shows beheading of Steven Sotloff,1687,discuss
"Steven Sotloff, American Journalist, Allegedly Beheaded By ISIS",2063,discuss
MICROSOFT 'IN SERIOUS DISCUSSIONS' TO PURCHASE MINECRAFT DEV MOJANG,315,unrelated
"Report: Toronto, Seattle, Quebec City to join Vegas in 2017 NHL expansion",2428,discuss
This Campaign Shows A Pretty Genius Way To Stop Men Catcalling In The Street,1092,unrelated
"Joan Rivers: Doctor Took Selfie With Unconscious Comedian, Performed Biopsy Without Consent -- Details",2323,agree
Explosive New Details Of Joan Rivers’ Medical Crisis: Doctor Snapped Selfie With Legendary Comic & Performed Unauthorized Biopsy While She Was Under Anesthesia!,2500,discuss
Argentina's President Cristina Kirchner Adopts Jewish Godson To Prevent Him Turning Into A Werewolf,2131,discuss
Report: Hewlett-Packard plans to break into 2 companies,1838,discuss
Hewlett-Packard Announces Plans To Break Up Company,279,unrelated
Argentinian President Cristina Kirchner adopts Jewish boy to protect him from werewolf stigma,1246,unrelated
Microsoft Near Deal to Buy Minecraft Maker Mojang,1872,unrelated
Afghan Soldiers Found at Canadian Border,1856,unrelated
ISIS Is Reportedly Trying To Sell James Foley's Remains For $1 Million,336,discuss
No joke: 5-year-old billed for missing friend’s birthday party,751,unrelated
‘Crabzilla’ spotted off the coast of Britain,893,agree
Joan Rivers’ Doctor Snapped Selfie During Throat Procedure (Report),2512,unrelated
Report: Apple Plans to Phase Out Beats Music Brand,249,unrelated
PICTURES: Shocking Pictures Comparing US School Lunches to Other Countries Goes Viral,326,unrelated
Florida woman gets third breast surgically implanted,1204,unrelated
ISIS terror chief 'believed dead': Iraqi military confirm warlord WAS injured in US-led airstrike as speculation grows feared jihadist perished in attack,2430,discuss
Enraged spouse chops off unfaithful husband's manhood – TWICE,1763,unrelated
"Hong Kong protesters mimic Ferguson’s ‘hands up, don’t shoot’",1525,unrelated
Three Afghan soldiers found at Canada border after leaving Cape Cod base,1348,unrelated
Jihadist Brit teen killed in US air strikes,353,unrelated
Hackers: Sony ‘Very Wise’ to Pull Film,836,unrelated
"Joan Rivers' Doctor ""Took a Selfie"" During Procedure: CNN",1755,discuss
There's A Weird Story Going Around About How Argentina's President Just Saved A Jewish Man From Becoming A Werewolf,1850,agree
Report: Apple Is Shutting Down Beats Music,1275,unrelated
"Hungry Florida cat defies death, digs its way out of grave to return home (VIDEO)",177,unrelated
People Actually Believed Argentina’s President Adopted A Jewish Boy To Stop His Change Into A Werewolf,202,unrelated
"NHL expansion rumors: This time, Las Vegas is about to get a team",901,unrelated
Apple Watch Edition: special safes to be installed in Apple Stores to house luxury smart watch,1381,unrelated
"3 Afghan Soldiers Missing From U.S. Base Apprehended at Canadian Border, Reports Say",1505,discuss
"KGI: iPhone sales forecast at 73M for Q4 ahead of Apple Watch debut in March, 12"" MacBook Air in Q1",1229,discuss
James Foley beheading: ISIS militants 'trying to sell murdered hostage's body to his parents for $1m',2383,unrelated
Reports: Selfie-Taking Doc's Unauthorized Biopsy May Have Killed Joan Rivers,1096,discuss
Next-generation Apple iPhones' features leaked,1464,unrelated
Argentina’s president adopts Jewish boy to save him from life as a werewolf,697,agree
Joan Rivers Personal Doctor Allegedly Took A Selfie Before Her Biopsy And Cardiac Arrest,2040,unrelated
"Iga Jasica brain surgery: Teen wakes up mid-procedure on table, chats about cat",960,agree
IS Beheads Its Own Fighters in Accordance With Their Interpretation of Sharia Law,1345,unrelated
Airline passenger freaks out over crew's 'Merry Christmas' greeting,69,unrelated
Wednesday Apple Rumors: Apple May Be Ready to Buy Path,2315,unrelated
How a Reddit user convinced Tim Cook to change Apple’s on-hold music,1980,unrelated
Source: Missing Afghan soldiers at Canadian border,1402,unrelated
Crabzilla! Satellite Picture Reveals Giant Crustacean Lurking Off The Coast Of Whitstable,2282,agree
Michelle Obama: The First Woman?,222,unrelated
James Foley’s Family Claims Government Threatened Them Over Ransom Payments,360,unrelated
Islamic State puts James Foley’s body up for sale for $1M,223,unrelated
Fresh agony for James Foley's family as sick ISIS militants 'try to sell them his headless body for $1million',1845,unrelated
"Apple Watch Takes Two Hours to Charge, Only Delivers Notifications While on the Wrist",1443,unrelated
NEWS/ Viral Video: What Happens When You Accidentally Catcall Your Mom,486,unrelated
Fisherman Saved from Deadly Bear Attack by His Justin Bieber Ringtone,2073,agree
"Source: Joan Rivers' doctor took selfie, began biopsy before her cardiac arrest",865,agree
Saudi Arabia's national airline to introduce gender segregation after a string of complaints from male passengers,1962,discuss
Jihadist Brit teen killed in US air strikes,2099,unrelated
Bear attack foiled by Justin Bieber’s music: A story too good to check,2315,unrelated
Islamic State releases video of beheading of U.S. hostage Steven Sotloff: site intelligence monitoring service,2465,unrelated
Jasmine Tridevil: Woman with three breast denies surgery hoax claims,2204,unrelated
ISIS Reportedly Executes 2nd American Journalist,1550,unrelated
Woman Who Claimed To Have Surgery To Add Third Breast Exposed As Hoaxer,785,discuss
"Four new NHL expansion teams? Vegas, Seattle, Toronto and Quebec by 2017: Report",2279,unrelated
Raven-Symone Did NOT Accuse Bill Cosby Of Molestation Or Rape — It’s A HOAX,1142,agree
Argentine President Takes On Godson — But Not To Keep Werewolf At Bay,2198,unrelated
We're Getting More Detail On The Amazing New Camera Apple Is Planning For The Next iPhone,2465,agree
"Rehana, Poster Girl for Kurdish Peshmerga, Alive and 'Fighting Fiercely,' After ISIS' Claims of Beheading Her",2527,discuss
Disturbed aunt cuts off nephew’s penis after he burst’s in on her on the toilet.,813,unrelated
Report: Doctor took a selfie when Joan Rivers was under anesthesia,929,unrelated
"Satire Website Fools ESPN, Kei Nishikori isn't highest paid tennis star",1953,unrelated
Syria: Teenage British Jihadi from Brighton Killed in US Airstrikes,1886,unrelated
"IBM to cut more than 111,000 jobs in largest corporate lay-off ever",1935,unrelated
White House denies threatening families of James Foley and Steven Sotloff over ISIS ransom but adds 'we made the law clear to them',2427,unrelated
Apple to keep gold Watch Editions in special in-store safes,361,unrelated
Is 'Crabzilla' real or not? Leading marine biologist rules picture of giant crab lurking in shallow waters must be a HOAX,990,unrelated
Three Boobs Are Most Likely Two Boobs and a Lie,1450,unrelated
Is Jasmine Tridevil's Triple Breasted Tale An Internet Hoax?,2292,agree
Justin Bieber scares off GRIZZLY BEAR and saves fisherman from a mauling,2320,discuss
Afghan Mother Kills 25 Taliban Fighters In Seven-Hour Gunbattle After Watching Her Son Slain In Ambush,2491,unrelated
"Man saved from bear attack when his Justin Bieber ringtones goes off, sending bear fleeing",1275,unrelated
Triple-breasted woman pictured before 'operation' and vows surgery footage will prove third boob is no hoax,328,unrelated
Joan Rivers Personal Doctor Allegedly Took A Selfie Before Her Biopsy And Cardiac Arrest,2233,unrelated
Joan Rivers’ Doctor Snapped Selfie During Throat Procedure (Report),865,agree
Oil market shrugs off Saudi pipeline blast,1163,discuss
"Transgender teenager, 17, leaves heartbreaking suicide note blaming her Christian parents before walking in front of tractor trailer on highway",2140,unrelated
HP confirms plan to split company,1953,discuss
"Here's What You Can Do On Path, The Social Network That Apple May Be About To Acquire",1558,discuss
Crude Sees a Bid on Reports of Saudi Arabia Pipeline Explosion,1762,discuss
ISIL Has Reportedly Beheaded Journalist Steven Sotloff,1039,discuss
Three Boobs Are Most Likely Two Boobs and a Lie,661,unrelated
Sexually frustrated female owl killed male because 'his penis was too SMALL',2465,unrelated
"Switzerland’s Assassination, Kim Jong Un Might Die From Cheese Overdose",2527,unrelated
"Saudi Arabia Airline Segregation: New Islamic Law Takes Flight On Airliner, Seating By Gender Coming Soon",1290,unrelated
"Everything You Need To Know About Path, The Struggling Social Network In Apple's Sights",2427,discuss
"Source: Joan Rivers' doctor took selfie, began biopsy before her cardiac arrest",2427,unrelated
Video purportedly shows beheading of U.S. hostage Steven J. Sotloff,485,unrelated
Transgender teen leaves note on Tumblr blaming Christian parents for suicide,806,unrelated
Iraqi Army Downs 2 UK Planes Carrying Weapons for ISIL,1250,unrelated
Steven Sotloff 'beheading': Islamic State fighters release video claiming to show death of second US journalist,1687,discuss
EXCLUSIVE: Got him! Jihadi John is 'wounded in US airstrike on secret bunker meeting of ISIS high command',1994,unrelated
Joan Rivers’ doctor took selfie during procedure,2291,unrelated
Rumor Suggests 12-Inch Retina MacBook Air Could Launch During March 9 Apple Watch Event,1779,discuss
"Apple Reportedly Close to Acquiring 'Path', Looking to Integrate Service Into Messages",1655,unrelated
"A Peruvian TV show is tricking men into catcalling their mothers, for feminism",1992,unrelated
Foley family says was 'threatened' by U.S. official over ransom: ABC,1246,unrelated
Saudi oil explosion now said to be diesel pipeline,1809,unrelated
There's A Weird Story Going Around About How Argentina's President Just Saved A Jewish Man From Becoming A Werewolf,728,unrelated
Joan Rivers' doctor snapped selfie during throat surgery: report,1033,unrelated
Reports: Missing Afghan soldiers found at Canadian border,575,unrelated
U.S.: Video showing Sotloff beheading is authentic,1250,discuss
‘Crabzilla’ a 50-foot colossal conundrum,249,unrelated
Watch Two Guys Appear to Get Tricked Into Catcalling Their Own Moms,1092,unrelated
British terrorist Jihadi John 'injured in airstrike close to Syrian border',2510,unrelated
"“I am lost for words,” 5-year-old boy billed for missing friend’s birthday party",751,unrelated
The US Threatened To Prosecute Families Of The 2 Murdered Americans If They Paid A Ransom To ISIS,216,unrelated
Microsoft nears deal to buy Minecraft maker Mojang : WSJ,28,unrelated
Hearing Unconfirmed Reports of Saudi Pipeline Explosion,1243,unrelated
Teen wakes up mid-brain surgery and asks doctors ‘How’s it going?’,1235,unrelated
Hermaphrodite cat named Mittens to get gender reassignment,3,unrelated
"Could Crabzilla, a 50-foot-long crab be real?",1624,agree
Argentina’s President Adopted A Jewish Godson To Stop Him From Turning Into A Werewolf,2382,discuss
Sketchy Rumor Claims Apple Planning New 4-Inch iPhone for 2015,327,unrelated
Argentina’s president adopts Jewish boy to save him from life as a werewolf,2300,unrelated
Man kicked off flight after Merry Christmas greeting sets him off,141,unrelated
Girl destroys boyfriends penis in acid attack after video of them having sex goes viral,746,unrelated
Justin Bieber's 'Baby' Saves Man From Violent Bear Attack,2100,unrelated
Girl poured acid on boyfriend’s penis after he released sex tape,1914,unrelated
Woman Gets Third Boob to Appear Unattractive to Men,327,unrelated
ISIS Reportedly Executes 2nd American Journalist,1304,unrelated
"No, Saudi Arabia has not banned the ""tempting eyes""",1366,unrelated
REPORT: 'JIHADI JOHN' WHO BEHEADED JAMES FOLEY WOUNDED IN US AIRSTRIKE,1444,unrelated
"Source: Joan Rivers' doc did biopsy, selfie",361,unrelated
"Hackers tell Sony wise to cancel film, don't make more trouble -CNN",1209,unrelated
Argentina president adopts Jewish godson for first time in country's history,1373,unrelated
Justin Bieber Basically Saves A Russian Man From A Bear,319,unrelated
REPORT: Tesla Chooses Nevada For Site Of Its Massive Battery Factory,1037,discuss
"Joan Rivers: Doctor Took Selfie With Unconscious Comedian, Performed Biopsy Without Consent -- Details",929,unrelated
Rise of the zombie cat: Pet who was 'killed' and buried by his owner climbed out of his grave five days later,1816,agree
Adopting Potential Werewolves Is Routine Business for Argentine Presidents,1124,unrelated
Missing Afghan soldiers taken into custody at Canadian border,1100,unrelated
These Men Catcalling Their Undercover Mothers Is the Best Payback Ever,673,unrelated
"Apple in late stages to acquire Path, report says",911,unrelated
Saudi Arabian airline to separate genders after men complain about blokes sitting next to their wives,1691,discuss
Would US sue parents of James Foley? Why White House is Defending Itself,627,unrelated
"Teen Iga Jasica wakes up during brain surgery, asks how it’s going",1411,unrelated
Is this Crabzilla? Giant Monster Crab Caught on Camera,893,agree
Is Jasmine Tridevil's Triple Breasted Tale An Internet Hoax?,1696,unrelated
"“Hands up, don’t shoot” comes to Hong Kong’s pro-democracy movement",2183,unrelated
Kim Jong IS Un-well – and it could be GOUT! North Korea confirms its young dictator is 'suffering discomfort' after addiction to Swiss cheese revealed,2350,unrelated
"‘Hands Up, Don’t Shoot’ in Hong Kong Protests?",98,unrelated
ISIS Reportedly Beheads A Second American Journalist,1676,discuss
Raven Symone ‘Files Molestation Charges Against Bill Cosby’ is Fake,1092,unrelated
"'Even though you're gay, I will always treat you the same way as I do now': Moving letter from nine-year-old to her school teacher after he came out to his class",2513,unrelated
ISIS Beheads Second American Journalist,1861,unrelated
Raven Symone Files Molestation Charges Against Bill Cosby,415,unrelated
"Finally, proof that Justin Bieber IS unbearable: Russian fisherman saved from bear attack when ringtone featuring one of the pop brat's songs scares it away",912,unrelated
Report: Hewlett-Packard plans to break into 2 companies,177,unrelated
Video reportedly shows beheading of reporter Steven Sotloff by ISIS,627,unrelated
HP announces plan to split in two,1287,unrelated
IS reportedly tries to sell slain US hostage’s body for $1 million  Read more: IS reportedly tries to sell slain US hostage's body for $1 million,1845,unrelated
"Morin goes back on transparency pledge, refuses to confirm or deny report that Apple is buying Path",2512,unrelated
There's A Weird Story Going Around About How Argentina's President Just Saved A Jewish Man From Becoming A Werewolf,2427,unrelated
"Source: Joan Rivers' doc did biopsy, selfie",2368,agree
"Iga Jasica brain surgery: Teen wakes up mid-procedure on table, chats about cat",353,unrelated
Woman Adds Third Breast by Undergoing Surgery to Participate in Reality Show,2383,unrelated
"Hungry Florida cat defies death, digs its way out of grave to return home (VIDEO)",890,unrelated
ISIS Releases Video Allegedly Showing Beheading of U.S. Journalist Steven Sotloff,594,discuss
"Finally, proof that Justin Bieber IS unbearable: Russian fisherman saved from bear attack when ringtone featuring one of the pop brat's songs scares it away",894,unrelated
"KGI: iPhone sales forecast at 73M for Q4 ahead of Apple Watch debut in March, 12"" MacBook Air in Q1",430,unrelated
ISIS executioner 'Jihadi John' reported wounded in air strike; UK investigating,2510,unrelated
Hewlett-Packard to break into 2 companies,52,unrelated
President of Argentina Adopts Boy to Stop Him from Becoming a Werewolf,1124,unrelated
Journalist Steven Sotloff reportedly executed by ISIS,268,unrelated
'I had a third breast implant so I can turn off men',806,agree
Joan Rivers' Doctor Allegedly Took a Selfie During Her Throat Surgery,2320,unrelated
NHL denies Las Vegas expansion report,1484,discuss
Allegation Bill Cosby sexually molested Raven Symone are just a hoax,2262,agree
Argentinian President Cristina Kirchner adopts Jewish boy to protect him from werewolf stigma,1160,unrelated
Is 'hands up' in Hong Kong really the same as in Ferguson?,2487,unrelated
ISIS Allegedly Beheads Second Captive American Journalist,2059,unrelated
Is Kim Jong ill? North Korean dictator in poor health as his weight has ballooned thanks to an obsession with cheese,338,unrelated
Israeli politicians praise Sisi plan to give Palestinians land for a state in Sinai,1626,unrelated
Bettman says NHL expansion not imminent,1326,unrelated
Microsoft Near Deal to Buy Minecraft Maker Mojang,325,unrelated
"Pete Hegseth: Marines Exit Yemen Forced to Surrender Dignity, Weapons",1023,discuss
"After Beheading of Steven Sotloff, Obama Pledges to Punish ISIS",1998,discuss
"Joan Rivers' Doctor ""Took a Selfie"" During Procedure: CNN",810,unrelated
ISIS Reportedly Executes 2nd American Journalist,594,unrelated
"Apple may buy Path, that social app you don’t use",1712,discuss
Is Jasmine Tridevil's Triple Breasted Tale An Internet Hoax?,471,unrelated
Mum helps kill 25 Taliban fighters during SEVEN-hour gun battle in revenge for cop son's death,728,unrelated
Party invoice: Boy sent bill for birthday no-show,1431,unrelated
‘Tempting Eyes’ Ban: Saudi Women With Pretty Eyes Made To Cover Them Up,2173,unrelated
Ferguson and Hong Kong Have One Important Thing in Common,1550,unrelated
Israeli politicians praise Sisi plan to give Palestinians land for a state in Sinai,2195,unrelated
Saudi Arabia May Be Taking Misogyny to the Skies,1561,discuss
Four Reasons Not To Give Up Hope If Apple Buys Path,1811,discuss
Werewolf Legend Leads To Jewish Godson's 'Adoption' by Argentina President,728,unrelated
Apple Watch Likely Be Launched On Valentine’s Day; Plus First Apple Watch Accessory To Be Showcased In CES 2015,2402,unrelated
Microsoft to buy 'Minecraft' creator Mojang for $2.5B,1032,agree
REPORT: Tesla Chooses Nevada For Site Of Its Massive Battery Factory,422,unrelated
HP reportedly plans to split PC and printer business from enterprise unit,668,unrelated
Joan Rivers' 'selfie' doctor 'DENIES performing biopsy and taking photo while star was under anesthesia',1782,discuss
Found at Canadian border: 3 Afghan soldiers missing from Cape Cod,575,unrelated
Crabzilla,2279,unrelated
Oil market shrugs off Saudi pipeline blast,2381,discuss
"IBM set to cut 110,000 jobs, blogger claims",1851,unrelated
This Third Boob Is Probably Only Real in Our Hearts,1204,unrelated
ISIS Reported to Behead Second American,656,unrelated
James Foley’s Family Claims Government Threatened Them Over Ransom Payments,216,unrelated
Werewolf Legend Leads To Jewish Godson's 'Adoption' by Argentina President,1264,agree
Lisa Bonet Did NOT Send “Cryptic Tweet” About Bill Cosby — Twitter Account Fake!,2320,unrelated
Dumb Racists Photoshop Ferguson Protester Into Awful Viral Meme,1272,unrelated
ISIS claims to behead US reporter Steven Sotloff in new video,2059,unrelated
Woman Reportedly Cuts Off Husband's Penis Twice in One Night,1366,agree
Report: Three missing Afghan soldiers caught at Canadian border,177,unrelated
"Man saved from bear attack when his Justin Bieber ringtones goes off, sending bear fleeing",1309,unrelated
"IBM plans massive layoffs of up to 110,000 workers: report",1448,unrelated
Rumors Swirling About Israel's Shocking Sinai 'Endgame' Plan for Palestinians in Gaza,746,unrelated
Hong Kong riot cops forced to withdraw after democracy protesters copy 'Don't shoot' gesture used by US demonstrators after a police officer shot an unarmed black teenager,758,unrelated
South Korean Woman's Hair 'Eaten' By Robot Vacuum Cleaner,449,unrelated
Hewlett-Packard to split into two companies,1838,agree
Crabzilla! Satellite Picture Reveals Giant Crustacean Lurking Off The Coast Of Whitstable,293,agree
U.S. Officials Threatened James Foley’s Parents With Prosecution Over Ransom,489,unrelated
British teenage jihadi believed to have been killed in Syria,2279,discuss
REPORT: Doctor Snapped A 'Selfie' While Joan Rivers Was Under Anesthesia,1520,unrelated
4-inch iPhone 6 reported to be in development,2222,discuss
Woman with three breasts ‘was a fake who has tricked people online before’,1373,unrelated
Argentina's President Just Adopted a Son So He Won't Turn into a Werewolf,1964,unrelated
Girl poured acid on boyfriend’s penis after he released sex tape,923,unrelated
Missing Kim Jong-un suffering with 'condition' after CHEESE binge,987,discuss
Journalist Steven Sotloff reportedly executed by ISIS,471,discuss
Breast Chancer,1399,unrelated
Egypt Offers Abbas Land in Sinai for Future Palestinian State Read,1200,unrelated
Kid Suspended For Allegedly Threatening Classmate With ‘Hobbit’ Magic,535,unrelated
NEWS/ Viral Video: What Happens When You Accidentally Catcall Your Mom,806,agree
4-inch iPhone 6 reported to be in development,1117,unrelated
Crabzilla artist Quinton Winter reveals all after image of crab off Whitstable appeared at Horsebridge Centre,353,unrelated
ISIS Reportedly Executes 2nd American Journalist,318,unrelated
ISIS Is Trying To Sell The Body Of U.S. Hostage James Foley For $1 Million,1113,discuss
President of Argentina adopts Jewish boy to stop him turning into werewolf,861,agree
Triple-breasted woman pictured before 'operation' and vows surgery footage will prove third boob is no hoax,1960,unrelated
Apple Watch Edition: special safes to be installed in Apple Stores to house luxury smart watch,256,unrelated
Saudi Airlines to segregate sexes,201,unrelated
Hewlett-Packard Announces Plans To Break Up Company,1126,unrelated
Rumor Suggests 12-Inch Retina MacBook Air Could Launch During March 9 Apple Watch Event,1992,unrelated
Islamic State puts James Foley’s body up for sale for $1M,318,unrelated
ISIS Allegedly Beheads Second Captive American Journalist,1475,discuss
"KGI: iPhone sales forecast at 73M for Q4 ahead of Apple Watch debut in March, 12"" MacBook Air in Q1",929,unrelated
"19-year-old girl wakes up during brain surgery, asks doctors ‘How’s it going?’",1601,agree
Kid Suspended For Allegedly Threatening Classmate With ‘Hobbit’ Magic,3,unrelated
Poster girl for Kurdish freedom fighters in Kobane is 'captured and beheaded by ISIS killers' who posted gruesome pictures online,960,unrelated
Joan Rivers’ doctor took a selfie while she was out cold before doing ‘an unauthorised biopsy’,2040,unrelated
Saudi Arabia set to introduce gender segregation on national airline flights,2100,unrelated
Justin Bieber Ringtone Startles Bear,448,unrelated
Three Boobs Are Most Likely Two Boobs and a Lie,2335,unrelated
Third boob likely a hoax,2183,unrelated
There's A Weird Story Going Around About How Argentina's President Just Saved A Jewish Man From Becoming A Werewolf,1160,unrelated
This Man Kept HARASSING Women On The Streets. Until One Day… MOM!?,792,unrelated
Wife chopped her husband's penis off after she discovered he had cheated on her… then cut it off AGAIN after surgeons managed to reattach it in China,2216,agree
Reports: Missing Afghan soldiers found at Canadian border,1874,discuss
Steven Sotloff beheading: Latest updates as ISIS release gruesome video of US journalist's murder,1861,unrelated
"White House Chief Of Staff Denis McDonough: No Threats Were Made To Foley, Sotloff Families Over Possible Ransom",39,unrelated
Isis leader ‘injured in airstrike during meeting in Iraq,2430,discuss
Argentina's president 'adopts' godson 'to prevent him becoming a werewolf',202,unrelated
A Russian Guy Says His Justin Bieber Ringtone Saved Him From A Bear Attack,1653,agree
Joan Rivers' Doctor Took a Selfie While She Was Under Anesthesia (Report),2291,unrelated
18-Karat Gold Apple Watch Edition To Be Locked In Safes At Apple Stores,1454,unrelated
Florida woman has surgery to add third breast to make herself 'unatttractive to men',617,unrelated
"Woman pays $20,000 for third breast to make herself LESS attractive to men",1286,agree
Lisa Bonet Did NOT Send “Cryptic Tweet” About Bill Cosby — Twitter Account Fake!,223,unrelated
Saudi Arabia set to introduce gender segregation on national airline flights,647,unrelated
Mystery of 50ft giant crab caught on camera in Kent harbour,85,unrelated
‘Three-boobed’ woman: They’re not fake,836,unrelated
IS executioner 'Jihadi John' injured in air strike: reports,2112,unrelated
Report: Microsoft may buy Minecraft studio Mojang,122,unrelated
"iPhone 6s To Have DSLR-Quality Camera? Rumors Suggest ‘Dual-Lens’ Camera, Apple Watch ‘Force Touch’ Feature",2464,discuss
Charlie Hebdo top cop Helric Fredou kills himself hours after magazine massacre,485,unrelated
"U.S., BRENT CRUDE CRUDE FUTURES EXTEND GAINS ON UNCONFIRMED MARKET RUMOR OF OIL PIPELINE EXPLOSION IN SAUDI ARABIA",656,discuss
Woman has third breast implanted,1272,unrelated
Al-Sisi proposes: Extend Gaza Strip into Sinai and establish Palestinian state there,2100,unrelated
Justin Bieber saves man from bear attack,2353,agree
Steven Sotloff 'beheaded by Islamic State',1402,unrelated
North Korean dictator Kim Jong-un may be seriously ill from eating too much Emmental cheese: report,2350,unrelated
"iOS 8.2 arriving Monday, here are full release notes",762,discuss
Samsung Rumoured to be Supplying the Screens for Apple Watch... Mk II,3,unrelated
Justin Bieber ringtone saved a Russian fisherman during a bear attack,2491,unrelated
"Hackers tell Sony wise to cancel film, don't make more trouble -CNN",525,discuss
"Source: Joan Rivers' doc did biopsy, selfie",1246,unrelated
Argentina president adopts young Jewish boy as godson to prevent him from turning into werewolf,1246,unrelated
Apple Is Going To Shut Down Beats Music,791,unrelated
"Steven Sotloff, American Journalist, Allegedly Beheaded By ISIS",1387,unrelated
Man's Girlfriend Pours Acid On His Penis After He Covertly Recorded Their Sex Session,1964,unrelated
Video purports to show beheading of US journalist,1687,discuss
Islamic State leader Abu Bakr al-Baghdadi wounded in airstrike: claims,2082,unrelated
Owl kills mate because he has a small penis,1203,unrelated
Adopting Potential Werewolves Is Routine Business for Argentine Presidents,486,unrelated
Florida woman gets third breast to become 'unattractive' 32,2491,unrelated
U.S. airstrikes 'hit ISIS leader': Terror group chief 'critically wounded' in Iraq after coalition forces bomb jihadi leaders,2094,discuss
CNN Reports Hackers Sent Message to Sony: ‘You’ve Done the Right Thing’,2011,unrelated
Woman with three breasts ‘was a fake who has tricked people online before’,290,unrelated
Justin Bieber ringtone saves man being mauled by bear,319,unrelated
Report: Apple Is Shutting Down Beats Music,1845,discuss
Rumor: Apple Watch Screens To Be Supplied By LG Display And Samsung Display,1798,discuss
"Woman Cuts Off Husband's Penis Twice, Then Throws It Out the Window",1878,unrelated
"Passenger headed to Dallas rages over ‘Merry Christmas,’ removed from plane",1754,unrelated
White House denies it threatened families of slain American journalists,489,unrelated
Source: Missing Afghan soldiers at Canadian border,2383,unrelated
Jasmine Tridevil Has Surgery 'To Add Third Breast' Total Recall Style,1445,unrelated
Reports: 3 missing Afghans detained at Canadian border,1389,unrelated
Jilted wife 'chopped off husband's penis TWICE with scissors after catching him cheating',361,unrelated
Hewlett-Packard will reportedly split into two companies,1754,unrelated
Parents say they were kept in the dark on attempts to save James Foley,489,unrelated
U.S. Authenticates Video Showing Sotloff's Beheading,1394,unrelated
Justin Bieber's 'Baby' Saves Man From Violent Bear Attack,2105,unrelated
Joan Rivers' Personal Doctor Allegedly Took A Selfie During Her Throat Procedure,2517,unrelated
"Sorry, Argentina's President Didn't Actually Adopt a Jewish Werewolf",1850,agree
Fat dictator Kim Jong-un dying from cheese addiction,196,unrelated
Isis: James Foley's beheaded body in $1m 'humanity case' sale offer to family,336,discuss
NHL expansion plans in the works: reports,2194,unrelated
"Official: Houthis take U.S. vehicles, weapons in Yemen",157,unrelated
Islamic State leader Abu Bakr al-Baghdadi wounded in airstrike: claims,1935,discuss
'I had a third breast implant so I can turn off men',328,unrelated
Joan Rivers' Doctor Allegedly Took a Selfie During Her Throat Surgery,2467,unrelated
Joan Rivers' doctor 'took selfie before biopsy',2517,unrelated
'The Cosby Show' Star Raven Symone Joins Long List of Women Accusing Bill Cosby of Rape,1142,agree
Mystery of 50ft giant crab caught on camera in Kent harbour,753,agree
Hewlett-Packard to break into 2 companies,1937,unrelated
‘Three-boobed’ woman: They’re not fake,1851,unrelated
Fate of Isis leader remains unclear after US airstrike in Iraq,429,unrelated
Hewlett-Packard plans to split into two companies: Report,1414,unrelated
"No, Saudi Arabia has not banned the ""tempting eyes""",1759,discuss
Joan Rivers' 'selfie' doctor 'DENIES performing biopsy and taking photo while star was under anesthesia',223,unrelated
Brain op shock as teen wakes up mid-surgery,2427,unrelated
Female Kurdish ‘poster girl’ fighter feared killed,1186,discuss
Report: Hewlett-Packard plans to break into 2 companies,2505,unrelated
Argentinian President Cristina Kirchner adopts Jewish boy to protect him from werewolf stigma,1581,unrelated
Steven Sotloff 'beheaded by Islamic State',1998,unrelated
Saudi Airlines to Separate Men and Women on Flights,1765,unrelated
Lenovo tipped to make a bid for BlackBerry this week,2500,unrelated
Hewlett-Packard Plans To Break Into Two Companies: Report,1450,discuss
Apple to keep gold Watch Editions in special in-store safes,641,unrelated
Jihadist Brit teen killed in US air strikes,2294,unrelated
President of Argentina adopts godson to stop him from turning into a werewolf,202,unrelated
ISIS Reportedly Executes 2nd American Journalist,192,unrelated
Afghan Mother Kills 25 Taliban Fighters In Seven-Hour Gunbattle After Watching Her Son Slain In Ambush,485,unrelated
Lenovo ready to bid for Blackberry - report,1250,unrelated
Crabzilla! Satellite Picture Reveals Giant Crustacean Lurking Off The Coast Of Whitstable,338,unrelated
ISIS Allegedly Beheads Second Captive American Journalist,268,unrelated
Saudi Arabian airline to separate genders after men complain about blokes sitting next to their wives,1272,unrelated
Crude Sees a Bid on Reports of Saudi Arabia Pipeline Explosion,2361,unrelated
Video reportedly shows beheading of reporter Steven Sotloff by ISIS,363,discuss
Evil Aunt Hacks Off Toddlers Penis,2512,unrelated
"Jealous Wife Who Chopped Off Husband’s Penis For Cheating On Her, Chops It Off A Second Time",1441,unrelated
Charles Manson’s fiancee allegedly wanted to marry him for his corpse,579,agree
"Here's What You Can Do On Path, The Social Network That Apple May Be About To Acquire",415,unrelated
"Report: Joan Rivers doctor took selfie, began biopsy, source says",1571,discuss
Fate of IS leader Abu Bakr al-Baghdadi unknown after airstrikes target him,2518,discuss
Reports: Selfie-Taking Doc's Unauthorized Biopsy May Have Killed Joan Rivers,1851,discuss
Saudi Arabia May Be Taking Misogyny to the Skies,1583,unrelated
ISIS Is One Mile From Baghdad,2204,unrelated
James Foley’s Family Claims Government Threatened Them Over Ransom Payments,749,discuss
Hewlett-Packard will reportedly split into two companies,1322,unrelated
NHL Expansion Plan Report Is 'Complete Fabrication': Bettman,2428,discuss
"After Beheading of Steven Sotloff, Obama Pledges to Punish ISIS",1550,unrelated
17-yr-old girl pours acid on boyfriend’s penis after he leaked their sex tape,1479,discuss
"Yes, we’re being bought by Microsoft",1604,unrelated
President Sisi's Gift,2243,discuss
ISIS Reportedly Beheaded The 'Poster Child' For Kurdish Female Fighters,1748,discuss
Justin Bieber's 'Baby' Saves Man From Violent Bear Attack,1479,unrelated
BOOK: CHARLES MANSON’S FIANCÉ WANTED MARRIAGE SO SHE COULD DISPLAY HIS CORPSE IN TOURIST ATTRACTION,2467,unrelated
"Joan Rivers’ Doctor Reportedly Took Selfie, Biopsy Right Before Her Heart Attack",2291,unrelated
Source: Apple set to acquire Path in an attempt to bolster iOS social cred,1390,discuss
"Stephen Sotloff beheading shown in video, ISIS claims",2319,unrelated
A Justin Bieber Ringtone Just Saved A Man’s Life Who Was Being Attacked By A Bear,1520,unrelated
"Report: Woman claims she had third breast added, hopes to become a TV star",1444,unrelated
9-Year-Old Writes Moving Letter to Teacher Who Came Out as Gay to His Class,2487,unrelated
Isis 'just one mile from Baghdad' as al-Qaeda joins militants' fight against West,1378,discuss
ISIS Reportedly Beheaded The 'Poster Child' For Kurdish Female Fighters,360,unrelated
"Source: Joan Rivers' doctor took selfie, began biopsy before her cardiac arrest",2089,agree
Sources: Missing Afghan Soldiers May Have Been Found Near Canadian Border,408,unrelated
The Story of the 3-Boobed Lady Is As Fake As Her Third Boob,290,unrelated
Hackers: Sony ‘Very Wise’ to Pull Film,2233,unrelated
"50ft crustacean, dubbed Crabzilla, photographed lurking beneath the waters in Whitstable",1993,unrelated
Here's What We Know About ISIS's Alleged Organ Harvesting Operation,1414,unrelated
ISIS Baghdad March: Islamic State 1 Mile Away From Iraqi Capital,960,unrelated
"Joan Rivers: Doctor Took Selfie With Unconscious Comedian, Performed Biopsy Without Consent -- Details",1310,unrelated
Police officer in Charlie Hebdo investigation 'shot himself dead hours after the attack',327,unrelated
"Hewlett-Packard splits off PC, printer businesses",1763,discuss
Apple Watches to be kept in safes,2373,unrelated
Joan Rivers Personal Doctor Allegedly Took A Selfie Before Her Biopsy And Cardiac Arrest,2126,unrelated
Hewlett-Packard to split into two companies,1696,unrelated
Islamic State puts James Foley’s body up for sale for $1M,934,unrelated
White House denies threatening families of James Foley and Steven Sotloff over ISIS ransom but adds 'we made the law clear to them',746,unrelated
"Twitter messages attributed to Lisa Bonet was hoax, manager says",1072,unrelated
Isis 'Admits' Leader Abu Bakr al-Baghdadi Injured in US Air Strike,735,discuss
President of Argentina adopts godson to stop him from turning into a werewolf,1677,unrelated
Joan Rivers' Personal Doctor Allegedly Took A Selfie During Her Throat Procedure,301,agree
"Gwen Korovin, Joan Rivers’s doctor, denies taking selfie",1636,agree
Steven Sotloff 'beheading': Islamic State fighters release video claiming to show death of second US journalist,1964,unrelated
Three-breasted woman outed as fake by Tampa police,2486,discuss
This Third Boob Is Probably Only Real in Our Hearts,1102,unrelated
South Korean Woman's Hair 'Eaten' By Robot Vacuum Cleaner,274,unrelated
James Foley's mother 'appalled' by U.S. government handling of case,463,unrelated
Texas Boy Suspended For 'Threatening' Classmate With The One Ring,177,unrelated
"A Peruvian TV show is tricking men into catcalling their mothers, for feminism",37,unrelated
Charles Manson's fiancee used him for his ... corpse?,1520,unrelated
Fox Affiliate Falls for College Humor's Office Note War Prank,422,unrelated
Joan Rivers’ doctor took a selfie while she was out cold before doing ‘an unauthorised biopsy’,1229,unrelated
"Rumor Check: Are Hong Kong Protesters Really Using the ‘Hands Up, Don’t Shoot’ Gesture in Solidarity With Ferguson?",2510,unrelated
Afghan Mother Reza Gul Takes Up Slain Son's Gun to Kill Taliban Attackers,896,unrelated
Fate of Isis leader remains unclear after US airstrike in Iraq,2094,discuss
ISIS video shows beheading of American journalist Steven Sotloff,656,unrelated
"Fake or freak? Woman, 21, claims to have paid $20,000 to surgically add third breast in desperate bid to become a reality TV star",252,unrelated
Saudi Airlines to ban gender-mixing seating,2436,unrelated
"Islamic State is funding its terror operations by brutally harvesting organs, UN is warned",2198,unrelated
Argentine President Takes On Godson — But Not To Keep Werewolf At Bay,1088,unrelated
"Oil spikes on U.S. inventory data, Saudi explosion rumor",668,unrelated
These Men Freak Out When They Discover The Women They Are Harassing Are Their Moms In Disguise (VIDEO),238,unrelated
A 9-year-old girl gave this hearfelt letter to her teacher after he came out as gay,92,unrelated
ISIS Releases Video Allegedly Showing Beheading of U.S. Journalist Steven Sotloff,1394,unrelated
Joan Rivers' Doctor Allegedly Took a Selfie During Her Throat Surgery,1287,unrelated
Enraged spouse chops off unfaithful husband's manhood – TWICE,2198,unrelated
Missing Fort Carson item not a nuclear weapon - despite Internet rumors,1287,unrelated
Poster girl for Kurdish freedom fighters in Kobane is 'captured and beheaded by ISIS killers' who posted gruesome pictures online,1944,discuss
"Woman Gets Third Boob Implanted, Wants to Be ""Unattractive to Men""",2491,unrelated
ISIS Leader Abu Bakr al-Baghdadi Wounded in Airstrikes; His Aide Killed,1304,unrelated
"Disgusting! Joan Rivers Doc Gwen Korovin’s Sick Selfie EXPOSED — Last Photo Of Comic Icon, When She Was Under Anesthesia, At Center Of Medical Investigation",2169,unrelated
Dumb Racists Photoshop Ferguson Protester Into Awful Viral Meme,890,unrelated
Apple to shut down Beats Music? Not so Apple says,644,discuss
"Morin goes back on transparency pledge, refuses to confirm or deny report that Apple is buying Path",1512,unrelated
Sexually frustrated female owl killed male because 'his penis was too SMALL',1861,unrelated
Five-year-old boy gets a bill for missing school friend's birthday party,150,agree
Woman Adds Third Breast by Undergoing Surgery to Participate in Reality Show,150,unrelated
"Islamic State is funding its terror operations by brutally harvesting organs, UN is warned",341,discuss
Saudi Airline Considering Separating Passengers By Gender,2437,unrelated
Hewlett-Packard to split into two companies,910,unrelated
ISIS executioner 'Jihadi John' allegedly wounded by U.S.-led air strike: report,1324,discuss
Is Jasmine Tridevil’s Third Boob Real? Alisha Hessler Hoax Rumors Swirl,2026,agree
‘How’s it going?’: Teen wakes up during brain surgery,1235,unrelated
Saudi Arabia set to introduce gender segregation on national airline flights,1452,discuss
‘Three-boobed’ woman: They’re not fake,1092,unrelated
Justin Bieber Saved This Guy From a Bear Attack,680,unrelated
Sources: Missing Afghan Soldiers May Have Been Found Near Canadian Border,486,unrelated
"Source: Joan Rivers' doc did biopsy, selfie",1160,unrelated
This Man Kept HARASSING Women On The Streets. Until One Day… MOM!?,1874,unrelated
"White House Chief Of Staff Denis McDonough: No Threats Were Made To Foley, Sotloff Families Over Possible Ransom",2516,unrelated
Report: Second American Journalist Beheaded by Islamic State Terrorists,1117,unrelated
ISIS Baghdad March: Islamic State 1 Mile Away From Iraqi Capital,940,unrelated
Abu Bakr al-Baghdadi’s fate still unknown after US air strike on Isis as Iraqi forces enter Baiji,1696,unrelated
Brain op shock as teen wakes up mid-surgery,2030,unrelated
Woman Bit By Scorpion on Alaska Airlines Flight Is Chill as Hell,122,unrelated
"Boy, 5, given £15.95 invoice for missing friend's birthday party",535,unrelated
MIRACLE CAT CLAWS ITS WAY OUT OF ITS OWN GRAVE FIVE DAYS AFTER BEING BURIED,2308,agree
"Was Charles Manson's ""Fiancée"" Playing Him to Get Custody of His Corpse?",1440,agree
Would US sue parents of James Foley? Why White House is Defending Itself,1387,unrelated
The Story of the 3-Boobed Lady Is As Fake As Her Third Boob,1373,unrelated
Islamic State releases video of beheading of U.S. hostage Steven Sotloff: site intelligence monitoring service,1550,unrelated
iPhone 6s Rumored to Include 2GB of Faster RAM and 'Force Touch' Technology,1792,discuss
"Argentina President, Christina Kirchner, Has Bizarre Werewolf Mishap",2382,agree
"Report: HP to split into two companies, one focused on PCs/printers and one on enterprise computing",881,discuss
"iPhone 6s To Have DSLR-Quality Camera? Rumors Suggest ‘Dual-Lens’ Camera, Apple Watch ‘Force Touch’ Feature",980,unrelated
Steven Sotloff 'beheading': Islamic State fighters release video claiming to show death of second US journalist,1596,unrelated
Joan Rivers’ doctor took selfie during procedure,2057,unrelated
Man Mauled By Bear Says He's Only Alive Thanks to Justin Bieber,2231,agree
This Third Boob Is Probably Only Real in Our Hearts,2361,unrelated
Jilted wife 'chopped off husband's penis TWICE with scissors after catching him cheating',1246,unrelated
ISIS Reported to Behead Second American,1712,unrelated
ISIS Is One Mile From Baghdad,327,unrelated
Joan Rivers death: Biopsy doctor ‘took SELFIE with star while she was under anesthesia moments before cardiac arrest’,810,unrelated
Four Reasons Not To Give Up Hope If Apple Buys Path,291,unrelated
Furious women set trap for 'underwear thief' then shame him in public,2089,unrelated
Hewlett-Packard to split into two public companies,1126,unrelated
Another Victim? Raven-Symoné Reveals What Really Happened On ‘Cosby Show’ Set,2339,unrelated
"Iga Jasica brain surgery: Teen wakes up mid-procedure on table, chats about cat",1348,unrelated
United Nations asked to investigate claims of organ harvesting by ISIS,2151,unrelated
"'Sílbale your mother', the mockumentary to stop street harassment in Peru [Google Translate]",360,unrelated
3-Boobed Woman a Fake,1204,unrelated
Apple Stores to Keep Gold “Edition” Apple Watch in Custom Safes,960,unrelated
Islamic State leader Abu Bakr al-Baghdadi wounded in airstrike: claims,2430,discuss
"Zombie Cat: Buried Kitty Believed Dead, Meows Back to Life",1759,unrelated
Isis: Masked Executioner Jihadi John Injured in US Led Airstrikes in Iraq,94,unrelated
Report: Hewlett-Packard plans to break into 2 companies,1942,unrelated
"Beast-eater, frightened phone signal, threw the victim and rend in the taiga",2082,unrelated
Steven Sotloff 'beheaded by Islamic State',898,unrelated
Foley family says was 'threatened' by U.S. official over ransom: ABC,319,unrelated
Argentina’s president adopts Jewish boy to save him from life as a werewolf,457,unrelated
"Ohio Trans Teen Commits Suicide, Leaves Heartbreaking Note Declaring “There’s No Way Out”",1373,unrelated
Justin Bieber Ringtone Startles Bear,580,unrelated
Suspended boy threatened to make student disappear with 'Lord of the Rings' replica ring,2316,discuss
AUNT CUTS OFF 3-YEAR-OLD’S PENIS BECAUSE HE WALKED IN WHILE SHE WAS ON THE TOILET,113,unrelated
"Steven Sotloff, American Journalist, Allegedly Beheaded By ISIS",990,unrelated
Fake Lisa Bonet Tweet on Cosby Scandal Fools Major Media Outlets,1310,agree
"Joan Rivers: Doctor Took Selfie With Unconscious Comedian, Performed Biopsy Without Consent -- Details",1096,agree
ISIS fighters now 'at the gates of Baghdad': Islamic militants fighting 'just one mile from Iraqi capital' despite days Western airstrikes,927,unrelated
"3 Reasons Kim Jong-un Could Be Missing, Including A So-Called Downfall By Cheese",57,unrelated
ISIS Allegedly Beheads Second Captive American Journalist,1117,unrelated
"Ohio Trans Teen Commits Suicide, Leaves Heartbreaking Note Declaring “There’s No Way Out”",897,unrelated
Sexually frustrated female owl killed male because 'his penis was too SMALL',2112,agree
The Story of the 3-Boobed Lady Is As Fake As Her Third Boob,1444,unrelated
Apple to shut down Beats Music: Report,249,unrelated
"50ft crustacean, dubbed Crabzilla, photographed lurking beneath the waters in Whitstable",293,unrelated
Woman Adds Third Breast by Undergoing Surgery to Participate in Reality Show,1067,unrelated
Here's What We Know About ISIS's Alleged Organ Harvesting Operation,328,unrelated
ISIS video shows beheading of American journalist Steven Sotloff,2339,discuss
Fei Lin's Penis Stolen By Thieves: Chinese Man Allegedly Had Penis Stolen By Jealous Lovers,1160,agree
Florida woman gets plastic surgery to add a third breast,338,unrelated
Justin Bieber ringtone saves Russian fisherman from bear attack,929,unrelated
Breast Chancer,2320,unrelated
"New report tips Apple Watch release in March, 12in MacBook Air in Q1",2099,discuss
"Stephen Sotloff beheading shown in video, ISIS claims",735,discuss
HP is better not together — company to split into enterprise and PC/printer businesses,745,discuss
Evil Aunt Hacks Off Toddlers Penis,1762,unrelated
"IBM To Cut More Than 110,000 Jobs, Report Says",1448,unrelated
Zombie Cat Claws Way Out of Grave Five Days After Being Buried Alive,2512,unrelated
ISIS claims to behead US reporter Steven Sotloff in new video,1861,unrelated
This Man Kept HARASSING Women On The Streets. Until One Day… MOM!?,823,unrelated
Wife chopped her husband's penis off after she discovered he had cheated on her… then cut it off AGAIN after surgeons managed to reattach it in China,940,unrelated
'Dear Sandwich Thief': Man's hilarious response to passive-aggressive sign posted on his office's fridge door sparks incredible kitchen note war,736,unrelated
Report: Doctor took a selfie when Joan Rivers was under anesthesia,2368,agree
Isis leader ‘injured in airstrike during meeting in Iraq,890,unrelated
ISIS ‘organ harvesting’ must be probed by Security Council – Iraqi envoy,1765,unrelated
Joan Rivers’ doctor snapped a selfie before biopsy surgery,2320,unrelated
Explosive New Details Of Joan Rivers’ Medical Crisis: Doctor Snapped Selfie With Legendary Comic & Performed Unauthorized Biopsy While She Was Under Anesthesia!,164,unrelated
"Fowler Falls For Fake Website, Makes Crazy Claims About Tennis Star",940,unrelated
"Hong Kong's protesters are using the ""hands up, don't shoot"" gesture from Ferguson",2510,unrelated
Gigafactory location: Tesla Motors confirms Nevada announcement Thursday,1142,unrelated
Joan Rivers’s Personal Doctor Denies Taking Operating-Room Selfie,810,unrelated
"What’s Happening in Hong Kong? Stunning Images From the Occupy-Inspired, Ferguson-Tinged Protests",1639,unrelated
Woman With Three Breasts Is Reportedly A Fake: Jasmine Tridevil’s Real Identity Revealed,1241,unrelated
Joan Rivers' Personal Doctor Allegedly Took A Selfie During Her Throat Procedure,1310,unrelated
"Sorry, Argentina's President Didn't Actually Adopt a Jewish Werewolf",37,unrelated
Triple-breasted woman pictured before 'operation' and vows surgery footage will prove third boob is no hoax,1373,unrelated
"Gwen Korovin, Joan Rivers’s doctor, denies taking selfie",164,unrelated
Justin Bieber Basically Saves A Russian Man From A Bear,1146,unrelated
Argentina president adopts Jewish godson for first time in country's history,150,unrelated
Steven Sotloff 'beheading': Islamic State fighters release video claiming to show death of second US journalist,1194,unrelated
REPORT: MARINES ORDERED BY STATE DEPT TO SURRENDER WEAPONS IN US EMBASSY EVAC IN YEMEN,52,unrelated
Joan Rivers’ doctor snapped a selfie before biopsy surgery,1431,agree
Florida Woman Has Surgery To Add Third Breast To Her Chest,2183,discuss
Joan Rivers' Doctor Took a Selfie While She Was Under Anesthesia (Report),810,unrelated
Florida woman has surgery to add third breast to make herself 'unatttractive to men',2204,unrelated
North Korean student on the run in France after escaping from Pyongyang's agents,1749,unrelated
Hewlett Packard ‘planning to split into two’,1536,agree
"Disgusting! Joan Rivers Doc Gwen Korovin’s Sick Selfie EXPOSED — Last Photo Of Comic Icon, When She Was Under Anesthesia, At Center Of Medical Investigation",2126,unrelated
Five-year-old boy gets a bill for missing school friend's birthday party,1211,unrelated
Woman Faces Jail Time After Slicing Off 3-Year-Old Nephew's Penis,813,unrelated
"“Hands up, don’t shoot” comes to Hong Kong’s pro-democracy movement",1525,unrelated
Missing Afghan Soldiers Apprehended Trying To Cross Border Into Canada,1505,discuss
When Street Harassers Realize The Women They're Catcalling Are Their Moms In Disguise,896,unrelated
BlackBerry (BBRY) Could Receive An Offer By Cash-Rich Lenovo As Early As This Week: Report,274,unrelated
James Foley family: Obama officials vowed criminal charges if we paid son’s ransom,2516,unrelated
Mum helps kill 25 Taliban fighters during SEVEN-hour gun battle in revenge for cop son's death,2026,unrelated
REPORT: Apple's 12.9-Inch 'iPad Pro' Has Been Delayed,177,unrelated
Gold Apple Watch Will Be Stored In Special Safes At Apple Stores,889,unrelated
Apple is reportedly shutting down Beats Music just three months after picking the company up.,946,unrelated
Kim Jong-Un may be dying because he's addicted to Swiss Cheese,785,unrelated
Brain op shock as teen wakes up mid-surgery,2517,unrelated
TV show tricks chronic catcallers into harassing their own mothers,1716,agree
ISIS Allegedly Beheads Second Captive American Journalist,1964,unrelated
Justin Bieber Saved A Guy Getting Mauled By A Bear,2231,agree
‘Three-boobed’ woman: They’re not fake,327,unrelated
Is 'Crabzilla' real or not? Leading marine biologist rules picture of giant crab lurking in shallow waters must be a HOAX,2146,agree
"Joan Rivers' Doctor ""Took a Selfie"" During Procedure: CNN",2233,unrelated
Heads up oil traders: Big pipeline explosion reported in Saudi Arabia,970,unrelated
Isis 'Admits' Leader Abu Bakr al-Baghdadi Injured in US Air Strike,2279,unrelated
This Man Kept HARASSING Women On The Streets. Until One Day… MOM!?,1980,unrelated
Did Argentina's President Adopt A Jewish Baby To Stop It From Becoming A Werewolf??,448,agree
"iPhone 6s To Have DSLR-Quality Camera? Rumors Suggest ‘Dual-Lens’ Camera, Apple Watch ‘Force Touch’ Feature",1914,unrelated
Apple reported to be near buying Path social network,911,unrelated
Three-breasted woman outed as fake by Tampa police,2183,discuss
"Oil spikes on U.S. inventory data, Saudi explosion rumor",172,unrelated
"No, Argentina's president did not adopt a Jewish child to stop him turning into a werewolf",963,agree
Is 'hands up' in Hong Kong really the same as in Ferguson?,927,agree
Meet the 3-boobed woman,2361,unrelated
REPORT: Doctor Snapped A 'Selfie' While Joan Rivers Was Under Anesthesia,2119,agree
Tesla will build battery 'Gigafactory' in Nevada,2510,discuss
The ISIS Executioner Who Killed 4 Hostages May Have Been Wounded In Airstrikes,1706,discuss
Justin Bieber ringtone saves man being mauled by bear,806,unrelated
Justin Bieber Saved This Guy From a Bear Attack,766,agree
Afghan Mother Reza Gul Takes Up Slain Son's Gun to Kill Taliban Attackers,2126,discuss
China Penis Amputation: Cruel Aunt Viciously Mutilates Toddler's Genitals as Punishment,2427,unrelated
Blood money: How ISIS is selling human organs harvested from living hostages and its own dead soldiers to fund terror across the Middle East,2383,unrelated
"Iga Jasica brain surgery: Teen wakes up mid-procedure on table, chats about cat",316,unrelated
Scorpion stings flier on Alaska Airlines flight from L.A.,1272,unrelated
Brit teenage jihadi killed in Syrian airstrike as Britain set to enter war,329,unrelated
Wife chops off cheating husband’s penis twice – then stray animal steals it,1276,agree
Islamic State leader Abu Bakr al-Baghdadi wounded in airstrike: claims,1809,unrelated
Joan Rivers' Doctor Took a Selfie While She Was Under Anesthesia (Report),1096,agree
'They got in our way': James Foley's brother backs mother attacking Obama administration over failure to save photojournalist before he was beheaded by ISIS,1665,unrelated
"Rehana, Poster Girl for Kurdish Peshmerga, Alive and 'Fighting Fiercely,' After ISIS' Claims of Beheading Her",1749,unrelated
ISIS is suspected of selling human organs for money in Iraq,1553,unrelated
Report: Hewlett-Packard plans to break into 2 companies,1110,unrelated
"Satire Website Fools ESPN, Kei Nishikori isn't highest paid tennis star",1856,unrelated
WaPo: Was Foley’s killer a former Gitmo detainee?,575,unrelated
"Morin goes back on transparency pledge, refuses to confirm or deny report that Apple is buying Path",2279,unrelated
ISIS claims to behead US reporter Steven Sotloff in new video,1712,unrelated
Islamic state issues video of beheading of U.S. hostage: SITE,1495,discuss
Woman has surgery to get third breast: The three most statistically unlikely pairs of boobs,2402,unrelated
"ISIS Might Be Harvesting Organs To Finance Operations, Iraqi Envoy Tells UN",535,unrelated
Hermaphroditic cat to undergo gender reassignment surgery,2333,unrelated
Islamic State releases video of beheading of U.S. hostage Steven Sotloff: site intelligence monitoring service,1861,unrelated
Saudi Arabia's national airline plans to keep men and women apart,811,unrelated
EXCLUSIVE: Lenovo Could Make An Offer For BlackBerry As Early As This Week,2400,unrelated
Woman Adds Third Breast by Undergoing Surgery to Participate in Reality Show,1444,unrelated
Apple Is Going To Shut Down Beats Music,1527,discuss
Charles Manson Wedding Off: Fiancee’s Morbid Plan To Exploit His Corpse Emerges,1322,unrelated
Lenovo Could Make A Bid For BlackBerry (Rumor),785,unrelated
Woman has third breast implanted,328,unrelated
Apple’s Beats Music Brand May Go Away. Apple’s Beats Music Service is Sticking Around.,1486,discuss
Al-Sisi proposes: Extend Gaza Strip into Sinai and establish Palestinian state there,995,agree
Purported Lisa Bonet Twitter Account Suspended After Cryptic Cosby Tweet,728,unrelated
ISIS executioner 'Jihadi John' allegedly wounded by U.S.-led air strike: report,291,unrelated
Argentina Has a Superstition That Seventh Sons Will Turn into Werewolves,2427,unrelated
‘Three-boobed’ woman: They’re not fake,1444,unrelated
Islamic State reaps profits from organ trafficking,1418,unrelated
Robot vacuum cleaner 'ate' a woman's hair [Google Translate],1300,unrelated
"Transgender teen who committed suicide left heartbreaking note saying she would ""never be happy""",21,unrelated
Report: Microsoft may buy Minecraft studio Mojang,2169,discuss
Argentina's President Just Adopted a Son So He Won't Turn into a Werewolf,291,unrelated
Woman Who Claimed To Have Surgery To Add Third Breast Exposed As Hoaxer,2402,unrelated
U.S. confirms authenticity of second journalist beheading video,1039,discuss
Here's What We Know About ISIS's Alleged Organ Harvesting Operation,1894,unrelated
"""Jihadi John"" reportedly wounded in airstrike",1704,unrelated
"Teen wakes up during brain surgery, asks how it’s going",1527,unrelated
Lenovo ready to bid for Blackberry - report,2512,unrelated
Afghan woman kills 25 Taliban rebels to avenge her son’s murder,338,unrelated
"Woman Gets Third Boob Implanted, Wants to Be ""Unattractive to Men""",1188,unrelated
Reports: 3 missing Afghans detained at Canadian border,1402,unrelated
Meet the 3-boobed woman,746,unrelated
Argentina's President Didn’t Adopt A Jewish Child To Avoid Becoming A Werewolf; So What Did She Do?,963,discuss
Lenovo might be eyeing up BlackBerry... again,2065,unrelated
North Korean dictator Kim Jong-un may be seriously ill from eating too much Emmental cheese: report,2402,unrelated
"WH: We didn't threaten Foley, Sotloff families",39,unrelated
Argentina's President Just Adopted a Son So He Won't Turn into a Werewolf,231,unrelated
"Joan Rivers' doctor denies 'unauthorized procedure,' selfie before cardiac arrest",2205,unrelated
Raven-Symone Did NOT Accuse Bill Cosby Of Molestation Or Rape — It’s A HOAX,2467,unrelated
"Report: HP to split into two companies, one focused on PCs/printers and one on enterprise computing",332,discuss
Report: Apple Is Shutting Down Beats Music,249,unrelated
Scorpion stings flier on Alaska Airlines flight from L.A.,535,unrelated
These Men Catcalling Their Undercover Mothers Is the Best Payback Ever,806,agree
Joan Rivers' Doctor Took a Selfie While She Was Under Anesthesia (Report),1229,unrelated
HP is better not together — company to split into enterprise and PC/printer businesses,1886,unrelated
Public shaming: Underwear thief forced to walk around the block wearing the bras he stole,2517,agree
ISIS Allegedly Beheads Second Captive American Journalist,990,unrelated
"Doctor took selfie with Joan Rivers while star was under anesthesia, CNN says  Read more at Jacksonville.com: http://jacksonville.com/entertainment/2014-09-16/story/doctor-took-selfie-joan-rivers-while-star-was-under-anesthesia-cnn#ixzz3DZRmGLrZ",2169,unrelated
Kid Suspended For Allegedly Threatening Classmate With ‘Hobbit’ Magic,274,unrelated
"Video Of Steven Sotloff Slaying By ISIS Is Authentic, U.S. Confirms",2319,unrelated
ISIS Reportedly Beheaded The 'Poster Child' For Kurdish Female Fighters,39,unrelated
"Saudi Arabia Airline Segregation: New Islamic Law Takes Flight On Airliner, Seating By Gender Coming Soon",2436,unrelated
Man saved from bear attack - thanks to his Justin Bieber ringtone,1754,unrelated
3-Boobed Woman a Fake,1907,unrelated
"Report: Microsoft Trying To Buy Mojang, Creators Of Minecraft",1941,unrelated
Apple iPhone Mini with 4-inch Display Set to Replace iPhone 5c: Rumor,2316,unrelated
Jilted wife 'chopped off husband's penis TWICE with scissors after catching him cheating',1716,unrelated
Crude Sees a Bid on Reports of Saudi Arabia Pipeline Explosion,2244,unrelated
"ISIS might be harvesting organs, Iraqi ambassador tells UN, amid reports of more hostages being burned alive",341,discuss
"Disgusting! Joan Rivers Doc Gwen Korovin’s Sick Selfie EXPOSED — Last Photo Of Comic Icon, When She Was Under Anesthesia, At Center Of Medical Investigation",1851,discuss
Crabzilla! Photo appears to show giant CRAB measuring at least 50ft across lurking in the waters off Whitstable,2323,unrelated
Mystery of 50ft giant crab caught on camera in Kent harbour,2023,agree
"Source: Joan Rivers' doctor took selfie, began biopsy before her cardiac arrest",1793,unrelated
Sources: Missing Afghan Soldiers May Have Been Found Near Canadian Border,1754,discuss
Hewlett-Packard plans to split into two companies: Report,785,unrelated
"Tail of survival: Buried cat, believed dead, claws back to life",2390,agree
Argentine President Takes On Godson — But Not To Keep Werewolf At Bay,1264,agree
HP confirms plan to split company,412,unrelated
"Stephen Sotloff beheading shown in video, ISIS claims",898,unrelated
Woman Bit By Scorpion on Alaska Airlines Flight Is Chill as Hell,1947,unrelated
"Apple Reportedly Close to Acquiring 'Path', Looking to Integrate Service Into Messages",1712,discuss
James Foley’s Family Claims Government Threatened Them Over Ransom Payments,202,unrelated
Afghan woman kills 25 Taliban rebels to avenge her son’s murder,2320,unrelated
"Video Of Steven Sotloff Slaying By ISIS Is Authentic, U.S. Confirms",1309,discuss
Saudi Arabia's national airline to introduce gender segregation after a string of complaints from male passengers,2301,unrelated
Joan Rivers's doctor 'took a SELFIE' with the comedian as she lay under anesthetic and just seconds before she went into cardiac arrest that killed her,2057,unrelated
"Tail of survival: Buried cat, believed dead, claws back to life",897,unrelated
Rumor: ‘new’ 4-inch iPhone on the way,92,unrelated
"Joan Rivers: Doctor Took Selfie With Unconscious Comedian, Performed Biopsy Without Consent -- Details",1275,unrelated
President of Argentina adopts Jewish boy to stop him turning into werewolf,457,unrelated
UK looking into reports IS beheading suspect wounded,1092,unrelated
"The Groom Was Sick, So The Bride Married A Guest At Her Wedding In A Fit Of Rage",1078,agree
Adopting Potential Werewolves Is Routine Business for Argentine Presidents,1241,unrelated
Crabzilla! Satellite Picture Reveals Giant Crustacean Lurking Off The Coast Of Whitstable,249,unrelated
"Report: Joan Rivers doctor took selfie, began biopsy, source says",113,unrelated
Lenovo tipped to make a bid for BlackBerry this week,791,unrelated
"A Peruvian TV show is tricking men into catcalling their mothers, for feminism",457,unrelated
Son's Asinine Questions Inspire Priceless Dad-Rage,566,unrelated
Islamic State releases video showing beheading of US hostage Steven Sotloff,735,discuss
Woman Who Claimed To Have Surgery To Add Third Breast Exposed As Hoaxer,2491,unrelated
HP Is Planning To Split Into Two Separate Businesses,2324,unrelated
Transgender teen leaves note on Tumblr blaming Christian parents for suicide,2140,unrelated
Obama Orders Fed To Adopt Euro Currency,2040,unrelated
"​ISIS might be harvesting organs, Iraqi diplomat says",69,unrelated
Joan Rivers' Doctor Took a Selfie While She Was Under Anesthesia (Report),1636,agree
"Passenger headed to Dallas rages over ‘Merry Christmas,’ removed from plane",2183,unrelated
Man Mauled By Bear Says He's Only Alive Thanks to Justin Bieber,1326,unrelated
Florida woman gets third breast to become 'unattractive' 32,1102,unrelated
Woman cuts off husband's penis twice after catching him cheating,2157,agree
"Apple Reported to Begin Shipping Apple Watch in March, 12-Inch MacBook Air in Early 2015",430,unrelated
Parents say they were kept in the dark on attempts to save James Foley,1218,unrelated
Hewlett Packard ‘planning to split into two’,2324,unrelated
Is this a Crabzilla spotted in the UK? Monster crab measures about 50 feet,489,agree
Yemen’s Houthi rebels seize U.S. Marines’ weapons at airport,52,unrelated
Argentine President Takes On Godson — But Not To Keep Werewolf At Bay,491,unrelated
Saudi Arabia airline segregation: Saudi airlines to assign seats based on gender,2436,unrelated
3-Boobed Woman a Fake,1696,unrelated
CNBC: Tesla chooses Nevada for new battery factory plant,111,unrelated
"Ferguson Protester's Photo Gets Edited Into Racist Meme, Goes Viral",1714,agree
ISIS online video shows beheading of U.S. journalist Steven Sotloff,259,unrelated
Apple is reportedly shutting down Beats Music just three months after picking the company up.,930,unrelated
Charles Manson Wedding Off: Fiancee’s Morbid Plan To Exploit His Corpse Emerges,412,unrelated
South Korean Woman's Hair 'Eaten' By Robot Vacuum Cleaner,1124,unrelated
Woman Reportedly Pours Acid on Boyfriend's Penis After Finding His Sex Tape,1181,unrelated
Elementary school suspends boy after he threatens to turn fellow student invisible with the One Ring from Tolkien novels,910,agree
MIRACLE CAT CLAWS ITS WAY OUT OF ITS OWN GRAVE FIVE DAYS AFTER BEING BURIED,791,unrelated
Apple Watch Digital Crown -- Could It Color Adjusted?,1250,unrelated
"Justin Bieber ringtone scares bear, saves Russian fisherman",2315,agree
Joan Rivers' Doctor Reportedly Took a Selfie Before Her Cardiac Arrest,1643,unrelated
Tesla will build battery 'Gigafactory' in Nevada,252,unrelated
Fisherman Saved from Deadly Bear Attack by His Justin Bieber Ringtone,37,unrelated
Man kicked off flight after Merry Christmas greeting sets him off,1947,agree
"NHL expansion ahead? No, says Gary Bettman",1655,unrelated
Woman with three breasts ‘was a fake who has tricked people online before’,1067,unrelated
Oil Futures Jump on Rumored Pipeline Explosion in Saudi Arabia,1279,discuss
"Jealous Wife Who Chopped Off Husband’s Penis For Cheating On Her, Chops It Off A Second Time",2427,unrelated
"Joan Rivers Death Preventable? Melissa Rivers Taking Legal Action, News Of Doctor’s Selfie Surfaces",2439,agree
U.S. confirms authenticity of second journalist beheading video,485,unrelated
Isis leader ‘injured in airstrike during meeting in Iraq,1886,unrelated
Raven-Symone Did NOT Accuse Bill Cosby Of Molestation Or Rape — It’s A HOAX,1947,unrelated
Charles Manson's fiancée 'only wanted to marry him so she could put his corpse on display in a glass coffin after he died',2294,agree
Afghan Mother Kills 25 Taliban Fighters In Seven-Hour Gunbattle After Watching Her Son Slain In Ambush,2383,unrelated
Saudi Airlines Sexist: Airline Intends To ‘Enforce Rules’ To Separate Male And Female Passengers,353,unrelated
CNN: Doctor Took Mid-Surgery Selfie with Unconscious Joan Rivers,2021,agree
"Bieber ringtone scares bear, saves man's life",2464,unrelated
Meet the 3-boobed woman,2,unrelated
Mystery of 50ft giant crab caught on camera in Kent harbour,1284,unrelated
"Apple may buy Path, that social app you don’t use",38,unrelated
Original Apple Watch Health Features Were Dropped Due to Consistency Issues,1031,unrelated
Did Argentina's President Adopt A Jewish Baby To Stop It From Becoming A Werewolf??,1345,discuss
South Korean woman freed by firefighters after robot vacuum cleaner 'eats' her hair as she sleeps,1373,unrelated
URGENT: ISIS beheads Kurdish female fighter “Rehana”,1748,discuss
Wedding punch-up when bride marries guest INSTEAD after groom suffers epileptic fit,2004,discuss
Joan Rivers' 'selfie' doctor 'DENIES performing biopsy and taking photo while star was under anesthesia',1394,unrelated
"Joan Rivers: Doctor Took Selfie With Unconscious Comedian, Performed Biopsy Without Consent -- Details",934,unrelated
"Hungry Florida cat defies death, digs its way out of grave to return home (VIDEO)",2136,unrelated
Email to Tim Cook prompted change of Apple's 'on hold' music quality,1348,unrelated
Justin Bieber ringtone saves Russian man from bear attack,1326,unrelated
Florida woman gets third breast surgically implanted,1960,discuss
ISIS terror chief 'believed dead': Iraqi military confirm warlord WAS injured in US-led airstrike as speculation grows feared jihadist perished in attack,1696,unrelated
ISIS Allegedly Beheads Second Captive American Journalist,1902,unrelated
Disturbed aunt cuts off nephew’s penis after he burst’s in on her on the toilet.,113,unrelated
Justin Bieber Saved This Guy From a Bear Attack,2231,agree
"Source: Joan Rivers' doctor took selfie, began biopsy before her cardiac arrest",2291,unrelated
Hewlett-Packard to split into two public companies,1793,discuss
Robot vacuum cleaner 'ate' a woman's hair [Google Translate],2222,unrelated
Apple Watch shipments to start in March: 12in new MacBook Air expected to be launched in same quarter,627,unrelated
Police identify shooter in Florida State tragedy,863,discuss
Egypt's Sisi Offered Abbas Creation of Palestinian State in Sinai Peninsula,38,unrelated
Steven Sotloff beheading: Latest updates as ISIS release gruesome video of US journalist's murder,1194,unrelated
This Woman Claims To Have Had Plastic Surgery To Have A Third Breast,764,discuss
Isis: James Foley's beheaded body in $1m 'humanity case' sale offer to family,492,unrelated
Florida Woman Has Surgery To Add Third Breast To Her Chest,1241,unrelated
"iPhone 6s Rumor Suggests Dual Lens Optical Zoom Camera, Pressure Sensors Inbound",980,unrelated
"Oil spikes on U.S. inventory data, Saudi explosion rumor",1851,unrelated
"Transgender Teen Leelah Alcorn Commits Suicide By Walking In Front Of Semi Truck, Blames Christian Parents In Viral Suicide Note",2121,unrelated
HP announces plan to split in two,1639,unrelated
"Woman Gets Third Boob Implanted, Wants to Be ""Unattractive to Men""",103,unrelated
